Txhash,ContractAddress,ContractName
0xff6d275686acb858854358839c7bfe67f713345c212f30c3cc63f1af4abc3fd8,0x0d24914029f017c8e3f5903b466c8f4fe3ff29d0,MAMBASTAKE
0xc0b0540e0fbc9c8cf848788582bc07a18ebfcb3f7752ab750b56e132d0fb33e7,0xBEcdC0946F21550B418152de05bbCF49D30b92aA,Reward
0x009bca4723d2d73970bf0b50ddb5f908f874822d7f443ad76be4530e912ab5ce,0x4e947fe57a251de8309efb360ae034f72f40cd0f,REFLECT
0xb166b044ce3c9cfc19746598e369fa3cd36a6a98ac7af5f0541875260c90c387,0x8b60c8afe02379c9fb1a882e0e039215dcadc895,EDuPlatformXcoin
0xd1e7a0c3ffeef94ef7a0637b023a13677d531a50379689d217ba97796e1ca40e,0x67e4aC1A1e1e61422763351834d3d01848C0A45F,Crowdsale
0xc74b43dcc1a8e9a04ef19435a87bddcdad4dc6ff909d030f750a916ab5515701,0x2f175fadd61fb47ed1a8e3d3863c86471079821d,TwoPercent
0xa72c9218be397649c120af1469cc3aaa55d4f611d9ce20c290a9a60bd0d6fcdb,0x3f7904f4ac4d002277f55ba5c24fd24b1b51aa15,RSLToken
0x98d62b3d430a9f38d1c6536209c4da418cc598995547e4e4c3de387e80f3e5dd,0xa767f745331D267c7751297D982b050c93985627,AccessControlledAggregator
0x445c01a38b525aa6edc8d4559225db40fd8eae355d2e799fcd5230f2c9ef64d0,0x5B7D5B89d8f30AD8feB61A747693Bf25C60BE742,ClaimToken
0xf9994409ea45ce2ccc99f59a7954bb4caf44d87fef02e55617a1b20ab844bf87,0x1B290c498aD2CD63A3fd90568b8c357Adfe935c8,ColorMaster
0xa05e9688d345bbde457524c7a191eb5187d4ae65fd5ed188b9ef16919762cece,0xec681f28f4561c2a9534799aa38e0d36a83cf478,YvsToken
0x52e8b89a0231001e7ec74c5bac06b080075f9ed1e0546ce7e0fd168bb3311c80,0x1de515fa7e0834fa07bd7ff4a15fe7869ea4eb7e,ValueIOUClaim
0x981096f31f33e1f4e16b837e5b9b320bac1539ce7a474c2b73257faefe340a5e,0xf2f346fde8b77738d349d4a5c8499383011f375a,ERC20
0xdccd10e65f00b0fa0f4df3b884816442428e26ca3fdfc268906c8b00d32254ff,0xac27423fE4394a7196020EF4e9fD0A6A73fA744c,Token
0x0cdc993993e4de8673a73f44b2a8e35118989f9bd2dd32502c307862f20ba27b,0x05d70721c4f75473a07907c0d0c6eebed5f2fef7,AdminUpgradeabilityProxy
0xf6a46ecd431ec311d0eca079e9d2914ef69f01141748bd010fd7cc363b0a0f7f,0x2ae7b37ab144b5f8c803546b83e81ad297d8c2c4,TokenRewards
0x5efa55a907d65ed351099786fc47fc6f11655c5255524320d05aa12432a57af4,0xe1469af5d26ce64e404e4288d5546d7a41097715,StakingDextoken
0x582c875dcbd4aca5f6de04bdd825b99ac5296d194ff2100227949eb15b277561,0x97b00db19bae93389ba652845150cadc597c6b2f,Tier1FarmController
0xc7ed4617e27023c415e4a65dd71788473d94fa0cfd5bf0e764caf2d45402e9a8,0x2acaD2473589d6CbAAc42Ae3c115445565da5008,xPYPL
0xf543b309760af65e38adbec51f6f3acc556d7514715b81e88bd66ea94430def0,0x7274633Ff5c979BE25A524a0FE828f00DAF6F88a,xDIS
0x915f630277480d33e79eb4bc5926c27e7932726163d776723dd658385ed4f304,0x001385C23468Cb4614831aD9205F041Cf64A2958,xJPM
0x8e1deaaa84f27d6d38f4e7f2ea4ade97f6592b20955cd4370b6e1b540b41e0fd,0x4127ADaF3063a888635106fBfC67d0bB8B1ce000,xNVDA
0xd04faa7501902bbfa6f6feb859b62d19f6c315d4e3a59825b97c475a48a160a1,0xbdff00110c97d0fe7fefbb78ce254b12b9a7f41f,Oracle
0x23a3c00afcd2061c09cb0d16369b9250e00c15caf3f0a71643d5df34ee193886,0xA1a096AeeBacf385f5Cd479B4196A5d3176094D3,Token
0x63dc5a1d9d68e64c7311b3372d5892cb76deae8074c128a744efee0367253b5b,0xbd3da499045c43463a743ffdc892b670566378bb,GFToken
0x9c4c624be9ed7797ba232aca89030396e39a3bc5a31c97ae0b925105f333c2f5,0xd194b24913806fc885f1fecd3e776f8449e5e24a,GovernanceV2ProposalPayload
0x407e2b999b5a1d8ae71a5c7e0ac1fc2500886591d8fd3a2f9f652360c583bf17,0x74244ca89C8F01917fF798A2ef342eE7bCC729C5,MBTCVault
0x0980d5554bf0e2de7ff99e4ef576b0360d8679301e534186d38ab134209c0f03,0x7a72b2c51670a3d77d4205c2db90f6ddb09e4303,Core
0x0875f0d7f6ca8fd2ded66cc2c13f4995d441078e8207f3cc2ff3cea938ff46ee,0x1B4a86c26b2997629e934d8Ca3941bcB9F39c838,MultivestBTC
0x0b12198aafe1f32abc7efa78119976098bbdc0aa7531f4b118eda882cd963f84,0x054c6ee336745037c04a2f92308a38286d2cd589,Core
0x71467706265f9240787876033df055def68f1c410c282199d87e156521325c45,0x041A36b015486941Ce8d5f2C7ff2E88f97390640,Ledgis
0xcc0fd7d224148eab6dbada8f96b44ccfdf50266111d5b26c153c69a9994edd9f,0x33470dcc449488e277d944787b040ed599e097f8,afiVault
0x41ade0e904945f70316c636087368ce756c8039370c25794caefb7d2f187a2e9,0x23be14b17f481a04d7a42aa18ffc4d9d502e70e3,vBond
0x4c539d4bb00b997a230ffe681875e0a8f9ff5e7e44e5b4328fe4fe65cf4e7476,0xbda8ca63f1788746e85d137d243f988e5ed0da6c,MultiSigWallet
0xfc3db958b38c62ffe0aa04202d6d656255e461e9b303d9b773c9e7547618734b,0xbfCE0c7d3bA3a7F7a039521fe371A87BF84BAAD4,VIDBToken
0xc79dc0f06fdb20916b3485cde90e1e85d687372055d1b4a106bbb92dabcc459f,0x52540f6e845d12bad6b328b2fbb9d54b902ee8e6,ThirmProtocol
0x46842f0aee6cb4c28903ed51b0239fb9ec10ec057d5f005f8e5f8d0461d3c2ef,0x648e179ac3e881579b42933201392a403a53b836,Weedburn
0x04879094b262d8bddd979de15cc877aca778d71d83dd019efee019aa5d78c6fb,0xc226f9aa491406a40d12a70b198e70dafa91dab9,DTT_Exchange_v4
0x367c71f6064daa6e45af64bf0b8e62b7a31ac8f7ce4edfbb0cdb9685e7eb7ff8,0xc3bd4decf75e9937aefb7a4ce6ec8931db4cfaf0,MultiSend
0x7117272a40a39d1b41599ea547a41afc4e058893e70ced07250c80ac9483e18a,0xba8224cb77f71a68a6daa76d228e227260b974f4,afiController
0x5237ff9bb7b63dbc727cb2d6b119e81767fc56438e1eeb26ceb48a33f814c87f,0xc170384371494b2a8f6ba20f4d085c4dde763d96,BeepleCollectionTwo100Edition
0xd86a68e5ab974719a6432997b0d996804356c6f8f638d0e0a5cd6cbb2436a18f,0x70a87e1b97436d2f194b8b9ebf337bfc7521c70f,Pool
0x4635e4e80d1c8b317399b7b17d2c771e39708e6192a778d90571deb52cc1b93a,0xd92e44ac213b9ebda0178e1523cc0ce177b7fa96,BeepleCollectionTwoOpenEdition
0x97ff995a7d7e7feb8010903e4d3d8d086b3c060ffba208dfe8b544cfd4a2cb61,0x5682FB8855E8dd38854ACb84C7754CE24349155b,YBASE
0x736d47382f266cb6e501351db19ea51d8c4586d75e138b062336c89a95eda11a,0xb81b469efeed9d71f7657d40c501b5e0c69c2f98,Vault
0x7863c078605c3ffce088ed230c3e63425c759d74fb91695f9131d19dd57ab3b1,0x3034ea51375738c0b25bea8357a21bec90d863ba,YBASEPresale
0xcbe27de72554e112b95e0c635c53c615617940cc1c6048ca28914001ebfe4154,0x693c78ca4c7b061eadf65ab3e6c12448af2b6cfb,MerkleBox
0x45bfb9ac69a61a52886be155b7f11caa9b25abc9d3f72b9eaae2e605e4517f80,0x7d1e43f34dbab8468bf617bacb00b0b561eee6be,Address
0x0e90d7d233e6b20bdc7370ae719def0bcc1c0463698caab420bc42af7a3135ee,0x3357d3a038006f47eCF05110c7629eFf3B24Cf5e,yVaultPrizePoolProxyFactory
0xde7eaf00fc85e84e1f08607c899651ded3cd6c5d728b643829337505daacf1e8,0x1469C3C2F8CbACafCed0A271711e3491700b4f5d,VaultPrizePoolBuilder
0x3dbd0846931d65eee5933cff10bd87e33dca2a83f9ee55232145edd545adda2b,0xa7d0d3C4f96BB896e0878ef4b83e5cA79700aCB9,TicketProxyFactory
0x32708b75186ea0319d453dd9b25872697d5648d3636014c69f87431fc479c1c6,0x3b694ce9d12F0bF032bF002b3b0473Cb58bbe3F0,StakePrizePoolProxyFactory
0xf45fd05aa2dc025abf7cacd8db23ec9f7a434224fb6e0d0efc456ecbb2ef6154,0xF4660841400FFE067c7172934F31B43e0CBe359F,StakePrizePoolBuilder
0x6ad28bee9bca269510375ce5c9e6b8f200b4f919d8d19b3f916611328e548727,0xBa49B45Bc5f7e3F23B5d994082038c836895AdfD,SingleRandomWinnerProxyFactory
0x738a62fb3ddd8f0f84d8bf6fd6d1a140954176140fa1f956fba28548ab17f19d,0xbeb9d5538f6454d6cA82e9e901453986abDA1e7A,PoolWithMultipleWinnersBuilder
0xe986d84ab02cc563d170cf2ba8271379a6ae0664f75047022d0e399bbb541ea4,0x71Fc2e52d426c852e06172c3a00180D5E9f8A70C,PermitAndDepositDai
0x3fd00fced8910cb36cd986b9d23693dbd7fd1dcb38c355979a08bd50248a7652,0x734E677AC3699f63f47c2bAE7a8F3c16aFf5aE70,MultipleWinnersProxyFactory
0x7ea32fd3d59ee07e3d8c4919800cd042929c70ddc5ac8f0d8bf3202890494411,0x3a1bc60023cf439335A984d153E02c62F515446E,MultipleWinnersBuilder
0x0a9d676bacf48925e2948922e34b2b454b8bcf7da62320f996c3ca4267a2920b,0xfB932b0BcFA5208D536600ab23C13Ac55CD69Ba1,ControlledTokenProxyFactory
0x402098806c6824c5e152a729ac26a73dbcd414a414def7047e23d9b2e78f9bc5,0xf5FF8c8d23b70Dcaa8EEA48C9D1A6E0d64aD59Cc,ControlledTokenBuilder
0xfa67f8bf7e0fe670ee583b30f4d69282ec8d89c2e0b576ce88ff1cb786cef9ee,0x4e972abb057495635718F416E5836ac516bD2618,CompoundPrizePoolProxyFactory
0x9f2d0e5a2cadc68a64fda8efcc3840be88c1a9ca3b6fb98bc449eac46e3629c7,0x55189c8836A7B3998935683F5AFACEE733B5fd20,CompoundPrizePoolBuilder
0x6f2165b9220d808796b89e247bbc0ae33880349fc9e1fdae9be4a2b240a205ad,0x0a625d31ebf6e8a93c54911075b00de881549b92,StrategyMirUstLpV1
0xef63855a4a614db2ad98a6287b708d60c726f6948fa0560870e61545681c40c8,0x374513251ef47db34047f07998e31740496c6faa,MMVault
0x0d66c5958d42b9ab80311d39ba0bb4e2f0b976c27c24d9fb7b68ca279ddebfa5,0x07138bbe7c68c3cdc73b5ba1b84b64510257a955,FORGE
0xf6c1528fd7955765d41f51770e0192b7e0b76a454da645026302d513e5a0a239,0xf363c7e351C96b910b92b45d34190650df4aE8e7,OSM
0xffef747c81e7dd6d394ed34414945a2b4ef0b48f3fcd41d8d5d149db448c7d40,0x6ced1de0b319c95a8ee496da4486e1409a27ca26,PreSale
0xf10e108cd1f474be701bf96658e888f829f930a21e3882316d6ca624153f864c,0xd20074192fb5be2253e74a3589c9b955749f8ef8,SPLIT2
0xc892290631dceb15977a8be6d352aa263478ced49457fcab8277f44624735b7b,0x44513922bf52cEc40a0557797b040805deD50140,Aggregator
0x4b568122b6af7a1119465da4f0211091a57214cfe2d8c5827db8c666da15b6e9,0xC7Bdd1F2B16447dcf3dE045C4a039A60EC2f0ba3,DssAutoLine
0x303af0369cc86cbfbc1709d129c43a6e2e62dd46b6316de7da16cd576c35e859,0x2875c513e5965712a548b178c47ad7553b5f0108,RP5P
0x6a77abb74c4cf9ecc5de5f76cc854d651a9370cf710a963f9b3d7acb8e3e4b36,0x4fc170974c98a8d3ed03aca1c964771528f3f830,ProtocolFinance
0xda06f919c694810d151f22948a78ae4430dd8b10bcae3e64b28c12a91c44a518,0x2882fd46c322200c39ce16428de2683becd1990f,Lock3rV1Volatility
0xbf4d0b4ccd0e65467e284c71d5c104a242bdb794e3493d2128a995d91dfe4e09,0xecd33f8484c701aeb2fbabc96418c26b1d8250ff,LockerV1Oracle
0x4e82c285a071f016d27e42e169491025de4585fded65ada6083e39c5961f77e1,0x57f1fdb618ea6bd4212169e0e1223ed4cb801d18,PresaleTurboBase
0x33517609794f52c08155bcc9e606f60bbdab093ef20baa4d2ec120638f58076b,0xc13eac3b4f9eed480045113b7af00f7b5655ece8,AaveTokenV2
0x6913b8738ee9a384f196ce84536d37ed2e5642bd6afa0b3e886a2d11df4d6ac0,0xa205d797243126f312ae63bb0a5ea9a32fb14f41,Launchpad
0x83e2613533aef035d90a17d0cdac6a7621eb1cea4976a3d5d44451295b72e96d,0xc0d503b341868a6f6b6e21e0780aa57fdbbca53a,StakedTokenV2
0xc080acd5ed50cc32c5ea0cc0e0184e428d6ce5c1a6e0ea7daf63305aea03d389,0xb7e383ef9b1e9189fc0f71fb30af8aa14377429e,GovernanceStrategy
0x2006a1bf79e9169ab02f634dcedef31cfdc9b095026e566dab40fdfd605f64e1,0x61910ecd7e8e942136ce7fe7943f956cea1cc2f7,Executor
0x0ce465d3b784be60b2802a1ad0206e37b56b95a9cacfe7f40f33219bfa5cdcd2,0xf2fd76c4d7a9d753c857b7f3610c38f044229295,TheWebCoin
0xf95eff9342ad1ac9835f04bc4a1c67c5c64a5afe972151752c585a10817a3947,0x3ff004f37433137571d080627689e3754dab527a,Launchpad
0x101fb723f02545fa8c0bb8e2ab4a2523be0e5bd27e56568d02e1d9a40c004de5,0xee56e2b3d491590b5b31738cc34d5232f378a8d5,Executor
0x5a6532b8f77f477a7fd7d06cdb430ea763c047930059e276ee82177928a4b4c6,0xd378ded41c41cca22b111495d88f5856f35ea795,StabilizeStrategyBTCArb
0x645324a65e3132aca7f277aea6d72a945593446c8755e99390c82848111698a0,0xec568fffba86c094cf06b22134b23074dfe2252c,AaveGovernanceV2
0x64f590a38c9266579bb1bfab8ab1a805d6a2d9e5578396ca6daaa582d42742c3,0x8d91f42fd351cd1b56b0ee890a7619d67c30e860,TwoPercentSale
0x27cf423c15b45ff9fc77bea181d11ba51ab0a0e836efa741da5ba6e749a7b484,0xd6ec25e530f1120e503a7adcfc980dcc9b8a5e98,StabilizeStrategyBTCArb
0x62db7ae0bdc6de38276c2ae50590c76f74bcb52dc2463c503165be1b86f466a3,0xb47d8639f9c0f3b2b31b6c4f1f51d9d0dccd6cc6,CallistoMaker
0xbd11a86acc0a77ac1f8f25f56794bc8fc3e4ac5791d0e68e490d89bc3ca549fa,0x8Ca9ea8E738b609EE79b3C0A80f24fbFFF093be3,AccessControlledAggregator
0x552a799ea6ec767c7b8413cc8c948caa654ce96a3d56ff31c1bef82c64512851,0xFdB631F5EE196F0ed6FAa767959853A9F217697D,AggregatorFacade
0xe51348bdb2bf9bd49df82de0f9dbd4f0cd421c9878256fbe9c392932792cc8b3,0x9dcd36e6f3dd1186d902de9241e10c2c2171a2ef,PotterSwapToken
0xf5393a019f576f19e9ccfb91a253c53e955abb43e7d70e1ec65ac4c54f9a5141,0xc1da4a8bceea305da9017504e70c8df92966ac92,A
0xc68e5c4b570eec47faf9f47dc9c1947cb72ca8d466a87f68a4eb32018001c290,0x276a5b4f0140adf36be94908955bf75095bf9118,ERC1155Mintable
0x021df82f15f26f446b7b49b92b0f021277969dfa9e5b20f2e1dba89c8dd64b86,0xf33e40546500d028dde9224c327a7c1bfcb5960a,KeeperRegistry
0x1b964c24a466d9d80beccf2341a65f90730bfe62eca5198cbc33753adfd983c4,0xff9315c2c4c0208edb5152f4c4ebec75e74010c5,DeFiLABS
0xade9f9bb4a9a2eaa8261c31077cada4263e2f6615296f2c3133bbe2540c7f111,0xfe3e6a25e6b192a42a44ecddcd13796471735acf,ReefToken
0x705b75ee566c516331bfccd19f0fc332700d898e11ab7ebef14483641e620a09,0xe4d549d9a936b990b1a74032555840a5cb135081,UniswapLPOracleInstance
0x3f2cbfb2cdd2c0db58294fcc20109177778f62afb71d9f195cf992d636b31511,0xff426bb249c53282c6ef6f1973b07f175362e0e8,UniswapLPOracleFactory
0x412d0cbe66e200a291963cf73ba7c516ee044aa268451376467279cffab64590,0xa74838f2237dee55fd72a5f69c6efc08e1248fe3,WarpVaultLPFactory
0xf58245128cdfad80fad4a92d475e1a60cae68e94615c86ffe4ea665a68f3855c,0xc20e752172ce2dbb8d98b56aea29301334e647eb,WarpVaultSCFactory
0xa104694a6dcd6395ab6d3c044ced84a504565242ac6e5554b7de9d3329751193,0xB7eAD8c418f3D03Bc22dD538C22600ABe7209e72,VPStorage
0xa104694a6dcd6395ab6d3c044ced84a504565242ac6e5554b7de9d3329751193,0x3201A8e9874bBf7Ba9d6e1C3339961aBc8f8B29E,VolatilePool
0xa104694a6dcd6395ab6d3c044ced84a504565242ac6e5554b7de9d3329751193,0xcE596bf99D21e46Fa91143c03d7a356682B67859,ReservePool
0xa104694a6dcd6395ab6d3c044ced84a504565242ac6e5554b7de9d3329751193,0x95142849d31eaa20b5b9ab746dff27ff400ce6bf,ElasticPool
0x6ccb15289ff2ee6824fc13dc8947e410624407ff8fcebc08d9b747e8a2ac3304,0x6a5da54907d791286cd94ed7fd04160fa7f3fdf3,CallistoTokens
0xcb38f0c1f8faab869e00ac02672ffe19b6815dd6dd38e1a42d31ba635cb9ff0e,0xcffabfa651c96182cd2f27b562b1406e8a1f9b11,AssetIntroducerStakingV1
0x0a7e2d842b4841f014580014e054ffeaf70fa6a78ad18f0f3236de7369824bd6,0x70dfcb971ed20c6edcf0020ea1d208912abf36a4,ERC20
0x28b6277fc248b99327d3178837ebca390ea3c435075bfea78f169d4f9a2cd5eb,0xe1f0C8eF657afb47A658638906D58f0caA6f2C47,AssetIntroducerStakingV1
0x29c5996e88cffe0fd5cb6985015d936bf40454455ffcccee631cde3dc5cd98f6,0x1af9747615abce1db5c482e865699ba5a2d9c804,InstantUniswapPrice
0xdd632a7ae4fa15f5ae368c8d5fb1b617fea5f61c4a998bb604b3e8f11eead5eb,0xAAE33C309945da5Bb1D5D5a82d3C0508558830c2,xMA
0x0d263e2dd0154104a2a8d83defad4f6ad6e93a14d8303c1c107b2c95d8be0e54,0x27E77c8744F5707C623e758d7A3273D2c5E233d5,xPG
0xe1675473baec8712b14584cdfc019da30a3816597b5f7c96a1d111adbe856431,0xfc613a3f2eb2c18fbea776f75f4b04367d62fa6f,xTSLA
0xd9d9e93ea980e42d48cd4196dd33da64637bfce8a05e28ec6a36e32a9146f626,0x8fbedafcc0a4eda503ceed3ff64e668ab27b4d65,xBRKB
0x6f9059cf9e956b1b16d66869b5f31473f3913592e15133ceb9725d18f41d29bf,0xc651b015c737544ca8c3698efb5fb559f37e7444,SharedWallet
0x9eeda65e3ca4355712cdb38d549341a1cb6838af4dec2050f8a45b8e2d8abec7,0x9781c4e9b9cc6ac18405891df20ad3566fb6b301,SavingsManager
0xaa41045baf2f957c354bd55e07099993cd4a5357f96f5bdfdc879c9067714b4a,0xeb2bf7f5a441b43ed197a8b4d347b275652a879e,CompoundIntegration
0xda925aae6938510a96781d488e109aa26af7c1cbdf7510085a9e9d1f6d4c2a6e,0x645b0b80f31f635a1511e0de1fbbcac0a29f65a6,AaveIntegration
0x24cccce4efb15de7d198334206c46718cb1a6c7c2354ee21091bf421ce5c90d2,0xe0d0d052d5b1082e52c6b8422acd23415c3df1c4,Masset
0x8e9c855d4755401f66f43f9b11e0d363f8654e8585f0a5d568a2dc453d86964a,0x6efa260a268e4afacf7fb91a6bf5f5b37379bf61,BasketManager
0x4479b3fc532a9afcbabe12c9ed1c6510ec8955b98260ba12f774ec21e2831b4f,0x0a8ee230b66e886c5a25ca77ebb0ba796541ff61,StabilizeStrategyBTCArb
0x1c18bf21307181be724089a595f16de1317b70f7cdd9040e01c7329886a1da81,0x0559592fabd3497000fc99ab1688647556b5acf8,SafeMath
0x784cea0cbfeb970f818cc3560b6d6f33e98e545e4fed3c38f4dacdc67b9cfeec,0x2bd086E46af30eDb0039b6b0B528F8218151c898,AssetIntroducerStakingProxy
0x0be6874adbd84f8705ce0db13e9eb610636bde2e45671bef74069814bfca4e55,0xb738dc1c910d139a5501bb50cbaa743780163a25,AssetIntroducerStakingV1
0x7279433af8764bcb566c4fe69ce31a3c7a1f654ea40b0583471a123c533e93d2,0x739d93f2b116e6ad754e173655c635bd5d8d664c,zsToken
0x2eda4e02017e795133d8d8b51a201abb51fedcc6c8e73f1cc048ac89ded96834,0x0d6c38ffd5bc04b3c5fcadce697acbc3b29f8349,Oracle
0x567743f623e9eef7980b6a014c633b78c0e7507594d11c534bce47f8af527181,0x5a4495fa1161cef54c5c9b380b7d91368657eb34,TokenGeyser
0x439b88117464dea4809c410c1ec4f35c435d30c7b84adfa597f6ee246ffa5225,0x6dc22ca4fdac5dc2fe9fd0936b60054d5ede1186,Vyper_contract
0xfd198eafc81eef5e3d282d8b4a640a7930edd44fa9a3d61704a1ff36feee5231,0xc8645f0d6a622e2a9a66c1db9d33b1a46b4462dc,MYK
0x079f540feddfca403dfad84ff1d102e73aa54dbae8ac792c8fed817e8053425e,0x30a8dee084433420b72fb5887fa53eaff72623c4,AaveBasicProxyV2
0x2b6121c0c20861bc426eb8a76908671462d9d3f8dcedc90af01f2a7cab1a87d5,0xeE08F393F4Cc9eA0508246fFc0D693944deE6036,MainToken
0x57a86f32ffd722fa792469e4c655f2a907ab25d85ccab60bf436d2a65609fdf6,0xa42dF2a8260B675948209Ee0AB49d22F7DA14eC5,MarketUtilityV2
0xa85d4861ec46761d17df1db93c173689b1298118fc3eff46136502552fd82162,0x34216Aac80356dF98387D6A18A9471229071c320,TokenControllerV2
0xa4fd681e76754c2266de91c41168066162561f73afb7f285baa06e7620251ee2,0xCf0e5234ebA5DbdCfFCb1EaDeDc1D7Fe0C83bB83,GovernanceV2
0x8355052c42ca3fee56f95649d1facacedf9abf6cdbaa75ad5229b48d9267fdcf,0x9e376F30D4e47Cc4f792BfC682caeb5dc76155f7,MarketCreationRewards
0x0ebbc9152fa6192c2eeabc0d0e91a0bae359faedf45bc8dafb1b13ef9b270622,0x8dCAa7d3a38073565Abb2501135584AF2C689aE6,AllMarkets
0x5c77eb6233ee4ccb5014f2eb24c5c8aaeb5426bccf2ac64645a6cad5f503d438,0x1331e537df2b3ae5b75e2655552b0ad7502ca4f8,UniswapV2_ZapIn_General_V3
0xe8b297f270faf5f5f781592d1998fbfcc5856a9d5d9882b6156e9de754fea150,0x0acb685f4e214877b470a68bcb5f74b53a8981c6,ERC20
0xd5cb1ba9b0148e7faec76137ffc8a8835f65bf8cf339d66a97ecf3cf01aee257,0xb982cb1d011913bcb5dfd7f925e25af16c140ad7,ChangeEthLumpSpell
0xb7b35016ee91036588e452fb3aa270f245d9e54d15a7b5399d4afac8e5e8c832,0xf65Ab2b0043c999D3889d7e789ab0808ec50E7A4,EtherVestingFactory
0x3f5e0518f799b5140565b13e8612ca9e1fda0e78e5a8f8a7d367bf309d7ce7fc,0xd91f4e34716c00d83117570ec6b3cbaf13a3fe71,UnmanagedGrantFactory
0x0fc11fdd03ef43f25d3fe40600cb16f0fc34a18e4138033fb86d9db3ddf8d0ea,0xbB767678Fd9DcD0a96faE4342267701964c925DC,FactoryExchange
0x43cc1c5741eb29aae805f27ed3b7fb4dc573b594c7b803b8c94f908050ca3fba,0x5D5be4a1Cb8b04a169Dcaa74F2b623FDDB072294,FactoryMain
0x1a91f592b2581b8151642dff51448de3667a1e4c39ac79ebc4e67e57b0fbf0bd,0xaa2caa3193b5d61eebd4827e20a36cdf15134a02,FORGE
0xb5dc0aa4b845e4036f15d60d2ba2a48ebbe1fc4dd6d5d9f9f51e7011b2ba2061,0xadbc77b238880388d00b936d46af8d5968eab9c4,MyAdvancedToken
0x3098ae66244dce2764aa0bf4b18558185f3e90fc64d89e743776524ba990ad16,0x8A37Bd48e2C7a9B3816e44B9B5DeCd0dC4e42055,BKP_Sales
0x3246bc0aec3bc436f96c29f175cfe1c5d4635a28b2c0345d1bdb490a14032b32,0x1dcEF353452d5aF8ce3ED0Aba9E8aEf82B17a5e6,xFB
0x52b8f6f3586c42eaa955ce29ede45f315c2ed21ca13145b925566ff912d68a86,0x7a558d0098323713b3CAaC2476dd6372691262D2,xV
0x2520f37ab96cc6efe88f0676a3b563c6fb2cf990ae5c5369f256ea37ed2c05ae,0xb73115E28ccfaAeeAFE8280e96b3322F5687B04f,xTSM
0x99568c35812aeb186fe60ac28fe862c7244f05a92351495460432e11d1ee229e,0x1398FE77Ffa5AF06C9D8d402c448EADF1Df784d6,xBABA
0x6fe862bd6e489f19f4c46714760509d48a693544e62342122d9449bd825c3822,0x9ff795a1fb46f869b9158ef0579a613177d68b26,UniswapAnchoredView
